"Année";"Mois";"Canton";"Royaume-Uni Arrivées";"Inde Arrivées";"Japon Arrivées";"Arabie saoudite Arrivées"
"2018";"Janvier";"Zürich";11434;2534;1975;500
"2018";"Janvier";"Bern / Berne";5316;476;1172;383
"2018";"Janvier";"Luzern";1127;384;213;47
"2018";"Janvier";"Uri";360;6;7;10
"2018";"Janvier";"Schwyz";144;4;17;3
"2018";"Janvier";"Obwalden";579;71;15;7
"2018";"Janvier";"Nidwalden";166;38;5;10
"2018";"Janvier";"Glarus";7;0;0;0
"2018";"Janvier";"Zug";594;52;23;5
"2018";"Janvier";"Fribourg / Freiburg";193;13;18;0
"2018";"Janvier";"Solothurn";303;14;20;4
"2018";"Janvier";"Basel-Stadt";2908;242;275;74
"2018";"Janvier";"Basel-Landschaft";180;26;16;2
"2018";"Janvier";"Schaffhausen";89;8;8;2
"2018";"Janvier";"Appenzell Ausserrhoden";19;3;1;0
"2018";"Janvier";"Appenzell Innerrhoden";8;0;2;0
"2018";"Janvier";"St. Gallen";477;52;59;12
"2018";"Janvier";"Graubünden / Grigioni / Grischun";4395;415;339;212
"2018";"Janvier";"Aargau";339;39;45;5
"2018";"Janvier";"Thurgau";75;12;7;2
"2018";"Janvier";"Ticino";473;87;48;146
"2018";"Janvier";"Vaud";3111;244;265;205
"2018";"Janvier";"Valais / Wallis";6695;108;522;152
"2018";"Janvier";"Neuchâtel";175;16;35;2
"2018";"Janvier";"Genève";10286;627;1183;1527
"2018";"Janvier";"Jura";15;3;1;0
"2018";"Février";"Zürich";12353;2792;2640;243
"2018";"Février";"Bern / Berne";7399;681;1779;257
"2018";"Février";"Luzern";1203;660;276;25
"2018";"Février";"Uri";495;3;1;0
"2018";"Février";"Schwyz";176;6;7;7
"2018";"Février";"Obwalden";737;381;47;0
"2018";"Février";"Nidwalden";322;15;1;2
"2018";"Février";"Glarus";21;0;0;2
"2018";"Février";"Zug";561;69;28;4
"2018";"Février";"Fribourg / Freiburg";184;8;70;0
"2018";"Février";"Solothurn";201;10;30;5
"2018";"Février";"Basel-Stadt";4312;333;283;65
"2018";"Février";"Basel-Landschaft";219;32;7;1
"2018";"Février";"Schaffhausen";157;9;11;2
"2018";"Février";"Appenzell Ausserrhoden";17;7;3;0
"2018";"Février";"Appenzell Innerrhoden";4;0;1;0
"2018";"Février";"St. Gallen";453;61;39;6
"2018";"Février";"Graubünden / Grigioni / Grischun";7009;163;267;51
"2018";"Février";"Aargau";305;35;45;3
"2018";"Février";"Thurgau";88;1;4;1
"2018";"Février";"Ticino";478;82;45;37
"2018";"Février";"Vaud";3850;240;368;142
"2018";"Février";"Valais / Wallis";9310;140;592;190
"2018";"Février";"Neuchâtel";190;14;58;0
"2018";"Février";"Genève";11676;606;833;1007
"2018";"Février";"Jura";14;3;8;0
"2018";"Mars";"Zürich";14259;4977;2967;430
"2018";"Mars";"Bern / Berne";6536;1856;1891;573
"2018";"Mars";"Luzern";1658;1973;416;152
"2018";"Mars";"Uri";374;28;6;0
"2018";"Mars";"Schwyz";136;10;9;0
"2018";"Mars";"Obwalden";925;987;123;2
"2018";"Mars";"Nidwalden";356;30;9;8
"2018";"Mars";"Glarus";2;0;4;1
"2018";"Mars";"Zug";609;281;19;4
"2018";"Mars";"Fribourg / Freiburg";273;10;29;2
"2018";"Mars";"Solothurn";239;169;98;1
"2018";"Mars";"Basel-Stadt";3659;355;477;110
"2018";"Mars";"Basel-Landschaft";282;48;61;9
"2018";"Mars";"Schaffhausen";122;22;6;0
"2018";"Mars";"Appenzell Ausserrhoden";9;5;2;0
"2018";"Mars";"Appenzell Innerrhoden";6;2;2;0
"2018";"Mars";"St. Gallen";521;62;90;48
"2018";"Mars";"Graubünden / Grigioni / Grischun";5850;214;305;71
"2018";"Mars";"Aargau";402;137;56;12
"2018";"Mars";"Thurgau";110;10;13;0
"2018";"Mars";"Ticino";893;162;209;144
"2018";"Mars";"Vaud";4678;928;581;260
"2018";"Mars";"Valais / Wallis";8942;430;608;113
"2018";"Mars";"Neuchâtel";209;37;78;17
"2018";"Mars";"Genève";17240;972;1485;1556
"2018";"Mars";"Jura";32;1;11;0
"2018";"Avril";"Zürich";13777;7954;2534;779
"2018";"Avril";"Bern / Berne";4133;3553;1686;1602
"2018";"Avril";"Luzern";2280;2834;380;269
"2018";"Avril";"Uri";105;5;4;0
"2018";"Avril";"Schwyz";344;623;14;6
"2018";"Avril";"Obwalden";505;3692;176;6
"2018";"Avril";"Nidwalden";437;125;11;38
"2018";"Avril";"Glarus";10;0;0;6
"2018";"Avril";"Zug";554;651;35;14
"2018";"Avril";"Fribourg / Freiburg";308;71;66;12
"2018";"Avril";"Solothurn";327;369;24;0
"2018";"Avril";"Basel-Stadt";3576;547;402;66
"2018";"Avril";"Basel-Landschaft";225;29;7;2
"2018";"Avril";"Schaffhausen";194;24;11;11
"2018";"Avril";"Appenzell Ausserrhoden";20;13;4;0
"2018";"Avril";"Appenzell Innerrhoden";6;2;14;0
"2018";"Avril";"St. Gallen";419;71;57;32
"2018";"Avril";"Graubünden / Grigioni / Grischun";1594;222;259;54
"2018";"Avril";"Aargau";322;541;49;23
"2018";"Avril";"Thurgau";159;14;20;6
"2018";"Avril";"Ticino";1227;272;174;349
"2018";"Avril";"Vaud";4183;1534;359;377
"2018";"Avril";"Valais / Wallis";3737;670;1226;52
"2018";"Avril";"Neuchâtel";164;75;31;0
"2018";"Avril";"Genève";10715;1032;987;1918
"2018";"Avril";"Jura";13;4;0;0
"2018";"Mai";"Zürich";14490;25654;4039;433
"2018";"Mai";"Bern / Berne";6072;14835;3434;1131
"2018";"Mai";"Luzern";2756;8932;330;233
"2018";"Mai";"Uri";165;54;2;7
"2018";"Mai";"Schwyz";339;2103;26;7
"2018";"Mai";"Obwalden";859;13538;166;12
"2018";"Mai";"Nidwalden";339;147;1;44
"2018";"Mai";"Glarus";20;0;0;0
"2018";"Mai";"Zug";659;2283;105;1
"2018";"Mai";"Fribourg / Freiburg";363;87;46;2
"2018";"Mai";"Solothurn";438;1576;22;0
"2018";"Mai";"Basel-Stadt";4127;1742;356;66
"2018";"Mai";"Basel-Landschaft";219;508;20;1
"2018";"Mai";"Schaffhausen";190;38;17;1
"2018";"Mai";"Appenzell Ausserrhoden";22;0;1;2
"2018";"Mai";"Appenzell Innerrhoden";35;0;33;0
"2018";"Mai";"St. Gallen";522;161;99;66
"2018";"Mai";"Graubünden / Grigioni / Grischun";1950;954;766;46
"2018";"Mai";"Aargau";377;2701;100;9
"2018";"Mai";"Thurgau";132;11;21;2
"2018";"Mai";"Ticino";1695;658;204;231
"2018";"Mai";"Vaud";5572;6991;856;255
"2018";"Mai";"Valais / Wallis";1980;2545;2470;20
"2018";"Mai";"Neuchâtel";262;17;19;1
"2018";"Mai";"Genève";11685;2291;1259;1377
"2018";"Mai";"Jura";21;2;3;0
"2018";"Juin";"Zürich";16812;19901;6867;1331
"2018";"Juin";"Bern / Berne";10828;12030;7731;3462
"2018";"Juin";"Luzern";3569;7336;543;585
"2018";"Juin";"Uri";490;44;49;17
"2018";"Juin";"Schwyz";505;1390;7;30
"2018";"Juin";"Obwalden";1336;9917;250;92
"2018";"Juin";"Nidwalden";726;208;42;126
"2018";"Juin";"Glarus";21;0;0;2
"2018";"Juin";"Zug";817;1872;53;8
"2018";"Juin";"Fribourg / Freiburg";464;59;106;7
"2018";"Juin";"Solothurn";430;1378;38;4
"2018";"Juin";"Basel-Stadt";5284;1115;522;98
"2018";"Juin";"Basel-Landschaft";343;156;43;4
"2018";"Juin";"Schaffhausen";308;79;24;26
"2018";"Juin";"Appenzell Ausserrhoden";35;10;1;1
"2018";"Juin";"Appenzell Innerrhoden";70;3;29;0
"2018";"Juin";"St. Gallen";738;180;158;78
"2018";"Juin";"Graubünden / Grigioni / Grischun";4717;980;3748;151
"2018";"Juin";"Aargau";550;1906;130;13
"2018";"Juin";"Thurgau";308;6;35;24
"2018";"Juin";"Ticino";2562;798;580;678
"2018";"Juin";"Vaud";6351;4728;1181;925
"2018";"Juin";"Valais / Wallis";4252;2144;6971;135
"2018";"Juin";"Neuchâtel";250;35;77;10
"2018";"Juin";"Genève";11541;3468;2048;2867
"2018";"Juin";"Jura";144;23;5;0
"2018";"Juillet";"Zürich";15699;13832;7939;3119
"2018";"Juillet";"Bern / Berne";11764;6372;13657;11588
"2018";"Juillet";"Luzern";4294;3920;1087;1268
"2018";"Juillet";"Uri";472;26;76;29
"2018";"Juillet";"Schwyz";429;560;18;117
"2018";"Juillet";"Obwalden";1262;7078;197;419
"2018";"Juillet";"Nidwalden";711;132;39;439
"2018";"Juillet";"Glarus";36;0;2;19
"2018";"Juillet";"Zug";644;1349;23;23
"2018";"Juillet";"Fribourg / Freiburg";467;17;96;40
"2018";"Juillet";"Solothurn";827;1128;21;22
"2018";"Juillet";"Basel-Stadt";4183;1093;882;320
"2018";"Juillet";"Basel-Landschaft";273;23;37;14
"2018";"Juillet";"Schaffhausen";307;25;48;53
"2018";"Juillet";"Appenzell Ausserrhoden";19;1;3;2
"2018";"Juillet";"Appenzell Innerrhoden";107;10;91;0
"2018";"Juillet";"St. Gallen";858;72;435;409
"2018";"Juillet";"Graubünden / Grigioni / Grischun";5232;541;7210;540
"2018";"Juillet";"Aargau";456;1226;80;38
"2018";"Juillet";"Thurgau";258;6;25;27
"2018";"Juillet";"Ticino";2468;438;522;2045
"2018";"Juillet";"Vaud";6112;3081;1700;2447
"2018";"Juillet";"Valais / Wallis";7148;1304;13771;423
"2018";"Juillet";"Neuchâtel";276;25;75;31
"2018";"Juillet";"Genève";12357;1747;2798;8502
"2018";"Juillet";"Jura";35;4;14;4
"2018";"Août";"Zürich";15573;11945;6249;4311
"2018";"Août";"Bern / Berne";12681;4810;9182;11956
"2018";"Août";"Luzern";4733;3371;993;1372
"2018";"Août";"Uri";602;7;118;42
"2018";"Août";"Schwyz";463;486;23;83
"2018";"Août";"Obwalden";1247;5898;143;283
"2018";"Août";"Nidwalden";935;100;53;430
"2018";"Août";"Glarus";101;0;1;15
"2018";"Août";"Zug";599;1325;14;40
"2018";"Août";"Fribourg / Freiburg";530;34;236;179
"2018";"Août";"Solothurn";758;625;28;31
"2018";"Août";"Basel-Stadt";4564;540;599;315
"2018";"Août";"Basel-Landschaft";438;74;163;32
"2018";"Août";"Schaffhausen";289;10;48;48
"2018";"Août";"Appenzell Ausserrhoden";29;6;8;13
"2018";"Août";"Appenzell Innerrhoden";92;0;42;0
"2018";"Août";"St. Gallen";693;73;212;286
"2018";"Août";"Graubünden / Grigioni / Grischun";4336;448;3739;524
"2018";"Août";"Aargau";510;784;121;101
"2018";"Août";"Thurgau";266;10;20;47
"2018";"Août";"Ticino";2529;318;350;2474
"2018";"Août";"Vaud";6422;3108;1373;3154
"2018";"Août";"Valais / Wallis";8013;912;8760;631
"2018";"Août";"Neuchâtel";273;21;61;33
"2018";"Août";"Genève";11709;1560;2410;10426
"2018";"Août";"Jura";36;0;3;0
"2018";"Septembre";"Zürich";14908;9180;4609;1217
"2018";"Septembre";"Bern / Berne";10448;3497;5429;4021
"2018";"Septembre";"Luzern";3595;2908;793;404
"2018";"Septembre";"Uri";503;24;53;3
"2018";"Septembre";"Schwyz";271;366;28;29
"2018";"Septembre";"Obwalden";1394;4217;128;68
"2018";"Septembre";"Nidwalden";749;104;17;169
"2018";"Septembre";"Glarus";37;2;0;3
"2018";"Septembre";"Zug";772;438;37;24
"2018";"Septembre";"Fribourg / Freiburg";414;44;59;47
"2018";"Septembre";"Solothurn";586;534;33;13
"2018";"Septembre";"Basel-Stadt";5105;576;684;110
"2018";"Septembre";"Basel-Landschaft";306;64;140;4
"2018";"Septembre";"Schaffhausen";279;29;61;17
"2018";"Septembre";"Appenzell Ausserrhoden";35;4;4;0
"2018";"Septembre";"Appenzell Innerrhoden";72;8;34;0
"2018";"Septembre";"St. Gallen";682;101;148;106
"2018";"Septembre";"Graubünden / Grigioni / Grischun";4124;264;1613;118
"2018";"Septembre";"Aargau";507;672;108;37
"2018";"Septembre";"Thurgau";253;13;34;3
"2018";"Septembre";"Ticino";2056;331;259;691
"2018";"Septembre";"Vaud";6441;1514;1243;787
"2018";"Septembre";"Valais / Wallis";5986;718;4421;129
"2018";"Septembre";"Neuchâtel";377;30;59;5
"2018";"Septembre";"Genève";11525;1508;2225;3001
"2018";"Septembre";"Jura";50;3;5;8
"2018";"Octobre";"Zürich";12594;7712;3314;548
"2018";"Octobre";"Bern / Berne";4290;3634;2847;1946
"2018";"Octobre";"Luzern";2137;2781;494;249
"2018";"Octobre";"Uri";136;12;17;0
"2018";"Octobre";"Schwyz";217;437;20;10
"2018";"Octobre";"Obwalden";285;3219;365;10
"2018";"Octobre";"Nidwalden";573;71;16;68
"2018";"Octobre";"Glarus";8;0;0;0
"2018";"Octobre";"Zug";559;576;19;4
"2018";"Octobre";"Fribourg / Freiburg";442;76;97;8
"2018";"Octobre";"Solothurn";202;219;38;2
"2018";"Octobre";"Basel-Stadt";3979;455;529;90
"2018";"Octobre";"Basel-Landschaft";263;51;203;8
"2018";"Octobre";"Schaffhausen";188;14;24;11
"2018";"Octobre";"Appenzell Ausserrhoden";26;3;8;0
"2018";"Octobre";"Appenzell Innerrhoden";15;2;8;0
"2018";"Octobre";"St. Gallen";382;99;75;44
"2018";"Octobre";"Graubünden / Grigioni / Grischun";1191;170;548;54
"2018";"Octobre";"Aargau";421;768;100;6
"2018";"Octobre";"Thurgau";183;7;20;5
"2018";"Octobre";"Ticino";1326;363;266;385
"2018";"Octobre";"Vaud";4500;913;622;584
"2018";"Octobre";"Valais / Wallis";1354;445;1978;35
"2018";"Octobre";"Neuchâtel";316;48;69;4
"2018";"Octobre";"Genève";10204;1217;1312;2019
"2018";"Octobre";"Jura";34;1;4;5
"2018";"Novembre";"Zürich";11836;4679;2099;451
"2018";"Novembre";"Bern / Berne";2395;1427;1177;565
"2018";"Novembre";"Luzern";1273;1406;453;102
"2018";"Novembre";"Uri";60;7;16;1
"2018";"Novembre";"Schwyz";141;43;25;0
"2018";"Novembre";"Obwalden";69;409;207;2
"2018";"Novembre";"Nidwalden";171;20;5;26
"2018";"Novembre";"Glarus";5;0;0;0
"2018";"Novembre";"Zug";521;204;32;3
"2018";"Novembre";"Fribourg / Freiburg";281;5;36;0
"2018";"Novembre";"Solothurn";348;45;32;4
"2018";"Novembre";"Basel-Stadt";3895;335;395;72
"2018";"Novembre";"Basel-Landschaft";177;27;146;4
"2018";"Novembre";"Schaffhausen";148;12;14;4
"2018";"Novembre";"Appenzell Ausserrhoden";11;0;3;0
"2018";"Novembre";"Appenzell Innerrhoden";4;0;2;0
"2018";"Novembre";"St. Gallen";321;45;65;35
"2018";"Novembre";"Graubünden / Grigioni / Grischun";396;67;119;11
"2018";"Novembre";"Aargau";364;568;84;10
"2018";"Novembre";"Thurgau";99;17;19;1
"2018";"Novembre";"Ticino";628;299;72;194
"2018";"Novembre";"Vaud";3225;338;347;290
"2018";"Novembre";"Valais / Wallis";1060;150;437;20
"2018";"Novembre";"Neuchâtel";263;19;52;3
"2018";"Novembre";"Genève";10210;989;1109;1366
"2018";"Novembre";"Jura";26;1;0;20
"2018";"Décembre";"Zürich";11524;3608;2038;568
"2018";"Décembre";"Bern / Berne";6326;1334;1288;391
"2018";"Décembre";"Luzern";2159;1069;507;72
"2018";"Décembre";"Uri";207;8;0;2
"2018";"Décembre";"Schwyz";228;27;5;5
"2018";"Décembre";"Obwalden";288;511;171;11
"2018";"Décembre";"Nidwalden";597;68;7;17
"2018";"Décembre";"Glarus";0;0;0;0
"2018";"Décembre";"Zug";364;122;13;0
"2018";"Décembre";"Fribourg / Freiburg";176;14;69;12
"2018";"Décembre";"Solothurn";134;23;6;3
"2018";"Décembre";"Basel-Stadt";3902;347;361;29
"2018";"Décembre";"Basel-Landschaft";161;30;63;11
"2018";"Décembre";"Schaffhausen";108;16;6;4
"2018";"Décembre";"Appenzell Ausserrhoden";15;2;3;0
"2018";"Décembre";"Appenzell Innerrhoden";5;0;2;0
"2018";"Décembre";"St. Gallen";374;31;41;11
"2018";"Décembre";"Graubünden / Grigioni / Grischun";3869;281;168;44
"2018";"Décembre";"Aargau";273;215;40;15
"2018";"Décembre";"Thurgau";75;6;7;0
"2018";"Décembre";"Ticino";564;228;82;141
"2018";"Décembre";"Vaud";3481;397;270;183
"2018";"Décembre";"Valais / Wallis";6550;431;604;164
"2018";"Décembre";"Neuchâtel";111;12;27;1
"2018";"Décembre";"Genève";11054;859;775;1406
"2018";"Décembre";"Jura";10;1;2;5
"2019";"Janvier";"Zürich";11052;2323;1829;391
"2019";"Janvier";"Bern / Berne";5699;556;992;451
"2019";"Janvier";"Luzern";1191;478;223;81
"2019";"Janvier";"Uri";220;18;5;2
"2019";"Janvier";"Schwyz";190;33;4;3
"2019";"Janvier";"Obwalden";545;63;52;11
"2019";"Janvier";"Nidwalden";256;20;11;13
"2019";"Janvier";"Glarus";34;1;4;0
"2019";"Janvier";"Zug";465;54;17;6
"2019";"Janvier";"Fribourg / Freiburg";250;10;38;2
"2019";"Janvier";"Solothurn";147;17;12;0
"2019";"Janvier";"Basel-Stadt";2902;296;230;83
"2019";"Janvier";"Basel-Landschaft";140;25;25;7
"2019";"Janvier";"Schaffhausen";107;7;10;2
"2019";"Janvier";"Appenzell Ausserrhoden";18;7;4;0
"2019";"Janvier";"Appenzell Innerrhoden";1;0;0;0
"2019";"Janvier";"St. Gallen";424;46;42;32
"2019";"Janvier";"Graubünden / Grigioni / Grischun";4382;384;301;150
"2019";"Janvier";"Aargau";310;91;49;9
"2019";"Janvier";"Thurgau";59;4;2;4
"2019";"Janvier";"Ticino";536;130;43;161
"2019";"Janvier";"Vaud";3012;209;255;159
"2019";"Janvier";"Valais / Wallis";6573;175;543;153
"2019";"Janvier";"Neuchâtel";195;17;48;6
"2019";"Janvier";"Genève";9788;699;1269;1414
"2019";"Janvier";"Jura";6;1;1;0
"2019";"Février";"Zürich";12714;2771;1921;327
"2019";"Février";"Bern / Berne";7544;978;1656;246
"2019";"Février";"Luzern";1251;767;441;26
"2019";"Février";"Uri";530;7;2;5
"2019";"Février";"Schwyz";251;110;17;2
"2019";"Février";"Obwalden";517;169;43;7
"2019";"Février";"Nidwalden";387;63;0;14
"2019";"Février";"Glarus";9;2;1;1
"2019";"Février";"Zug";386;83;10;1
"2019";"Février";"Fribourg / Freiburg";201;7;16;1
"2019";"Février";"Solothurn";398;12;14;0
"2019";"Février";"Basel-Stadt";3691;352;255;34
"2019";"Février";"Basel-Landschaft";225;20;79;3
"2019";"Février";"Schaffhausen";148;30;3;0
"2019";"Février";"Appenzell Ausserrhoden";23;0;3;0
"2019";"Février";"Appenzell Innerrhoden";10;0;0;0
"2019";"Février";"St. Gallen";471;31;72;19
"2019";"Février";"Graubünden / Grigioni / Grischun";7430;1175;276;58
"2019";"Février";"Aargau";409;130;43;10
"2019";"Février";"Thurgau";67;3;7;2
"2019";"Février";"Ticino";540;107;80;102
"2019";"Février";"Vaud";3789;218;342;164
"2019";"Février";"Valais / Wallis";9206;168;568;143
"2019";"Février";"Neuchâtel";186;15;60;3
"2019";"Février";"Genève";11883;786;940;1090
"2019";"Février";"Jura";20;1;10;0
"2019";"Mars";"Zürich";12301;4327;2257;542
"2019";"Mars";"Bern / Berne";5880;2069;1820;718
"2019";"Mars";"Luzern";1629;1691;489;127
"2019";"Mars";"Uri";300;33;0;8
"2019";"Mars";"Schwyz";315;43;24;14
"2019";"Mars";"Obwalden";749;367;82;32
"2019";"Mars";"Nidwalden";493;20;11;47
"2019";"Mars";"Glarus";20;0;2;0
"2019";"Mars";"Zug";550;389;11;4
"2019";"Mars";"Fribourg / Freiburg";203;18;59;2
"2019";"Mars";"Solothurn";424;167;71;4
"2019";"Mars";"Basel-Stadt";3604;362;542;124
"2019";"Mars";"Basel-Landschaft";320;48;37;9
"2019";"Mars";"Schaffhausen";106;16;22;4
"2019";"Mars";"Appenzell Ausserrhoden";12;2;1;0
"2019";"Mars";"Appenzell Innerrhoden";6;0;0;0
"2019";"Mars";"St. Gallen";462;73;77;38
"2019";"Mars";"Graubünden / Grigioni / Grischun";4398;332;200;64
"2019";"Mars";"Aargau";507;241;88;5
"2019";"Mars";"Thurgau";109;14;8;1
"2019";"Mars";"Ticino";752;296;97;163
"2019";"Mars";"Vaud";4303;553;570;339
"2019";"Mars";"Valais / Wallis";8317;523;692;168
"2019";"Mars";"Neuchâtel";232;27;73;6
"2019";"Mars";"Genève";14786;1085;1667;1703
"2019";"Mars";"Jura";39;0;13;0
"2019";"Avril";"Zürich";12556;8092;2051;609
"2019";"Avril";"Bern / Berne";4747;4566;1965;1732
"2019";"Avril";"Luzern";2328;3465;316;287
"2019";"Avril";"Uri";173;19;9;6
"2019";"Avril";"Schwyz";489;897;9;7
"2019";"Avril";"Obwalden";563;5302;88;4
"2019";"Avril";"Nidwalden";368;141;20;47
"2019";"Avril";"Glarus";20;0;0;0
"2019";"Avril";"Zug";480;839;3;9
"2019";"Avril";"Fribourg / Freiburg";254;32;45;11
"2019";"Avril";"Solothurn";531;51;29;1
"2019";"Avril";"Basel-Stadt";3071;498;306;62
"2019";"Avril";"Basel-Landschaft";186;26;9;3
"2019";"Avril";"Schaffhausen";156;16;15;2
"2019";"Avril";"Appenzell Ausserrhoden";21;1;4;0
"2019";"Avril";"Appenzell Innerrhoden";32;0;11;0
"2019";"Avril";"St. Gallen";335;49;60;25
"2019";"Avril";"Graubünden / Grigioni / Grischun";2138;403;444;50
"2019";"Avril";"Aargau";529;1199;87;12
"2019";"Avril";"Thurgau";100;5;19;2
"2019";"Avril";"Ticino";1137;499;263;316
"2019";"Avril";"Vaud";4616;1616;609;380
"2019";"Avril";"Valais / Wallis";4627;770;2249;36
"2019";"Avril";"Neuchâtel";193;21;22;6
"2019";"Avril";"Genève";10663;1267;922;2124
"2019";"Avril";"Jura";18;1;3;0
"2019";"Mai";"Zürich";14222;19231;2877;227
"2019";"Mai";"Bern / Berne";6890;11654;4212;377
"2019";"Mai";"Luzern";3583;7713;586;71
"2019";"Mai";"Uri";199;233;8;4
"2019";"Mai";"Schwyz";411;2342;40;9
"2019";"Mai";"Obwalden";1092;12317;132;2
"2019";"Mai";"Nidwalden";494;226;29;7
"2019";"Mai";"Glarus";25;3;0;0
"2019";"Mai";"Zug";519;2227;16;3
"2019";"Mai";"Fribourg / Freiburg";517;166;60;2
"2019";"Mai";"Solothurn";416;1249;24;1
"2019";"Mai";"Basel-Stadt";4202;1197;379;63
"2019";"Mai";"Basel-Landschaft";241;146;18;1
"2019";"Mai";"Schaffhausen";213;30;11;0
"2019";"Mai";"Appenzell Ausserrhoden";28;9;8;0
"2019";"Mai";"Appenzell Innerrhoden";39;11;10;0
"2019";"Mai";"St. Gallen";529;117;92;10
"2019";"Mai";"Graubünden / Grigioni / Grischun";2149;1045;1084;9
"2019";"Mai";"Aargau";408;3218;53;4
"2019";"Mai";"Thurgau";155;98;19;5
"2019";"Mai";"Ticino";1617;1814;291;70
"2019";"Mai";"Vaud";6866;7994;1169;141
"2019";"Mai";"Valais / Wallis";1806;2614;3471;27
"2019";"Mai";"Neuchâtel";227;26;75;3
"2019";"Mai";"Genève";11736;2531;1526;691
"2019";"Mai";"Jura";77;0;5;0
"2019";"Juin";"Zürich";15136;20701;4388;1892
"2019";"Juin";"Bern / Berne";10602;11265;7846;6772
"2019";"Juin";"Luzern";4455;6560;661;766
"2019";"Juin";"Uri";514;27;39;2
"2019";"Juin";"Schwyz";367;1601;57;55
"2019";"Juin";"Obwalden";1491;8097;230;140
"2019";"Juin";"Nidwalden";535;361;47;339
"2019";"Juin";"Glarus";36;0;1;9
"2019";"Juin";"Zug";642;1653;29;20
"2019";"Juin";"Fribourg / Freiburg";931;123;102;50
"2019";"Juin";"Solothurn";350;1013;32;18
"2019";"Juin";"Basel-Stadt";4393;1242;593;217
"2019";"Juin";"Basel-Landschaft";450;102;107;62
"2019";"Juin";"Schaffhausen";292;41;39;36
"2019";"Juin";"Appenzell Ausserrhoden";13;8;6;2
"2019";"Juin";"Appenzell Innerrhoden";41;5;27;0
"2019";"Juin";"St. Gallen";633;80;199;112
"2019";"Juin";"Graubünden / Grigioni / Grischun";4191;1148;4350;244
"2019";"Juin";"Aargau";614;2572;135;71
"2019";"Juin";"Thurgau";240;175;23;36
"2019";"Juin";"Ticino";2313;1694;347;928
"2019";"Juin";"Vaud";6884;5184;1344;1239
"2019";"Juin";"Valais / Wallis";4829;2311;9089;206
"2019";"Juin";"Neuchâtel";302;36;86;22
"2019";"Juin";"Genève";11609;2381;1850;4873
"2019";"Juin";"Jura";53;0;0;0
"2019";"Juillet";"Zürich";15184;11817;5087;3022
"2019";"Juillet";"Bern / Berne";13208;6658;13260;10510
"2019";"Juillet";"Luzern";4793;4947;1314;1034
"2019";"Juillet";"Uri";586;33;117;44
"2019";"Juillet";"Schwyz";310;937;14;142
"2019";"Juillet";"Obwalden";1401;6623;578;226
"2019";"Juillet";"Nidwalden";539;158;36;413
"2019";"Juillet";"Glarus";60;0;5;5
"2019";"Juillet";"Zug";593;1175;19;34
"2019";"Juillet";"Fribourg / Freiburg";758;25;66;82
"2019";"Juillet";"Solothurn";285;690;29;35
"2019";"Juillet";"Basel-Stadt";4185;711;504;213
"2019";"Juillet";"Basel-Landschaft";420;602;103;9
"2019";"Juillet";"Schaffhausen";339;20;37;34
"2019";"Juillet";"Appenzell Ausserrhoden";25;5;5;3
"2019";"Juillet";"Appenzell Innerrhoden";82;0;24;0
"2019";"Juillet";"St. Gallen";646;65;304;227
"2019";"Juillet";"Graubünden / Grigioni / Grischun";5175;851;6837;434
"2019";"Juillet";"Aargau";447;1765;71;169
"2019";"Juillet";"Thurgau";215;9;19;24
"2019";"Juillet";"Ticino";2258;1203;478;1405
"2019";"Juillet";"Vaud";6447;2931;1375;1882
"2019";"Juillet";"Valais / Wallis";8326;1615;13830;456
"2019";"Juillet";"Neuchâtel";246;27;50;38
"2019";"Juillet";"Genève";13926;1827;2297;7663
"2019";"Juillet";"Jura";20;11;1;0
"2019";"Août";"Zürich";15044;8993;5081;3795
"2019";"Août";"Bern / Berne";12556;4981;10178;9264
"2019";"Août";"Luzern";4907;3957;1448;1259
"2019";"Août";"Uri";475;9;178;27
"2019";"Août";"Schwyz";362;632;31;203
"2019";"Août";"Obwalden";1100;6089;676;247
"2019";"Août";"Nidwalden";711;52;63;470
"2019";"Août";"Glarus";103;1;1;20
"2019";"Août";"Zug";406;815;8;53
"2019";"Août";"Fribourg / Freiburg";741;31;105;73
"2019";"Août";"Solothurn";425;429;14;68
"2019";"Août";"Basel-Stadt";3859;421;608;283
"2019";"Août";"Basel-Landschaft";344;19;55;13
"2019";"Août";"Schaffhausen";249;13;67;22
"2019";"Août";"Appenzell Ausserrhoden";31;7;6;11
"2019";"Août";"Appenzell Innerrhoden";39;2;25;0
"2019";"Août";"St. Gallen";677;71;221;275
"2019";"Août";"Graubünden / Grigioni / Grischun";4647;481;4418;551
"2019";"Août";"Aargau";585;1057;80;152
"2019";"Août";"Thurgau";215;21;19;26
"2019";"Août";"Ticino";2391;722;359;1764
"2019";"Août";"Vaud";6152;2642;1788;2080
"2019";"Août";"Valais / Wallis";8217;873;9759;356
"2019";"Août";"Neuchâtel";210;26;43;26
"2019";"Août";"Genève";11134;1482;2246;9271
"2019";"Août";"Jura";16;1;1;0
"2019";"Septembre";"Zürich";14210;10045;3932;1202
"2019";"Septembre";"Bern / Berne";10551;4125;4989;3844
"2019";"Septembre";"Luzern";3663;2602;1188;339
"2019";"Septembre";"Uri";367;31;64;9
"2019";"Septembre";"Schwyz";218;536;35;24
"2019";"Septembre";"Obwalden";722;3200;299;64
"2019";"Septembre";"Nidwalden";832;114;45;135
"2019";"Septembre";"Glarus";32;1;0;0
"2019";"Septembre";"Zug";587;540;27;12
"2019";"Septembre";"Fribourg / Freiburg";832;234;96;24
"2019";"Septembre";"Solothurn";401;686;28;11
"2019";"Septembre";"Basel-Stadt";4536;501;525;108
"2019";"Septembre";"Basel-Landschaft";435;46;52;10
"2019";"Septembre";"Schaffhausen";264;30;34;10
"2019";"Septembre";"Appenzell Ausserrhoden";41;11;4;0
"2019";"Septembre";"Appenzell Innerrhoden";26;1;21;0
"2019";"Septembre";"St. Gallen";601;127;175;78
"2019";"Septembre";"Graubünden / Grigioni / Grischun";4338;357;2203;99
"2019";"Septembre";"Aargau";475;905;67;39
"2019";"Septembre";"Thurgau";236;22;20;4
"2019";"Septembre";"Ticino";2259;578;196;648
"2019";"Septembre";"Vaud";6906;1201;1127;759
"2019";"Septembre";"Valais / Wallis";6345;702;5413;57
"2019";"Septembre";"Neuchâtel";194;40;93;8
"2019";"Septembre";"Genève";11963;1821;1867;2621
"2019";"Septembre";"Jura";34;7;12;0
"2019";"Octobre";"Zürich";12924;8197;3058;751
"2019";"Octobre";"Bern / Berne";5371;3598;2495;1882
"2019";"Octobre";"Luzern";2080;2834;906;220
"2019";"Octobre";"Uri";128;17;16;4
"2019";"Octobre";"Schwyz";232;312;12;7
"2019";"Octobre";"Obwalden";575;2936;384;21
"2019";"Octobre";"Nidwalden";365;65;29;82
"2019";"Octobre";"Glarus";7;0;2;0
"2019";"Octobre";"Zug";555;251;14;3
"2019";"Octobre";"Fribourg / Freiburg";387;17;50;5
"2019";"Octobre";"Solothurn";254;27;26;7
"2019";"Octobre";"Basel-Stadt";3739;366;602;75
"2019";"Octobre";"Basel-Landschaft";312;43;89;3
"2019";"Octobre";"Schaffhausen";117;37;15;3
"2019";"Octobre";"Appenzell Ausserrhoden";21;8;1;0
"2019";"Octobre";"Appenzell Innerrhoden";28;0;10;0
"2019";"Octobre";"St. Gallen";368;96;107;45
"2019";"Octobre";"Graubünden / Grigioni / Grischun";1525;286;833;52
"2019";"Octobre";"Aargau";412;1001;157;20
"2019";"Octobre";"Thurgau";133;8;11;0
"2019";"Octobre";"Ticino";1157;679;172;336
"2019";"Octobre";"Vaud";5262;792;788;517
"2019";"Octobre";"Valais / Wallis";2024;535;2974;32
"2019";"Octobre";"Neuchâtel";155;15;29;10
"2019";"Octobre";"Genève";10485;1070;1247;1786
"2019";"Octobre";"Jura";43;4;0;0
"2019";"Novembre";"Zürich";11884;5224;1786;488
"2019";"Novembre";"Bern / Berne";2596;1658;1127;672
"2019";"Novembre";"Luzern";1013;1386;576;134
"2019";"Novembre";"Uri";61;19;3;2
"2019";"Novembre";"Schwyz";129;37;12;2
"2019";"Novembre";"Obwalden";187;421;498;9
"2019";"Novembre";"Nidwalden";210;27;15;23
"2019";"Novembre";"Glarus";6;0;0;0
"2019";"Novembre";"Zug";569;116;17;2
"2019";"Novembre";"Fribourg / Freiburg";332;12;53;11
"2019";"Novembre";"Solothurn";254;203;11;3
"2019";"Novembre";"Basel-Stadt";3583;374;427;76
"2019";"Novembre";"Basel-Landschaft";406;35;66;2
"2019";"Novembre";"Schaffhausen";105;31;24;0
"2019";"Novembre";"Appenzell Ausserrhoden";13;0;0;0
"2019";"Novembre";"Appenzell Innerrhoden";5;0;0;0
"2019";"Novembre";"St. Gallen";361;52;28;3
"2019";"Novembre";"Graubünden / Grigioni / Grischun";366;71;112;22
"2019";"Novembre";"Aargau";438;322;88;23
"2019";"Novembre";"Thurgau";75;6;17;0
"2019";"Novembre";"Ticino";634;210;89;308
"2019";"Novembre";"Vaud";3236;348;726;254
"2019";"Novembre";"Valais / Wallis";900;188;215;23
"2019";"Novembre";"Neuchâtel";202;26;50;20
"2019";"Novembre";"Genève";9355;873;955;1313
"2019";"Novembre";"Jura";25;0;5;0
"2019";"Décembre";"Zürich";11563;4371;1883;442
"2019";"Décembre";"Bern / Berne";5844;1936;866;395
"2019";"Décembre";"Luzern";2246;1369;380;87
"2019";"Décembre";"Uri";300;22;6;7
"2019";"Décembre";"Schwyz";153;9;15;0
"2019";"Décembre";"Obwalden";274;462;157;5
"2019";"Décembre";"Nidwalden";442;45;10;28
"2019";"Décembre";"Glarus";17;3;0;0
"2019";"Décembre";"Zug";390;253;13;0
"2019";"Décembre";"Fribourg / Freiburg";135;10;27;1
"2019";"Décembre";"Solothurn";220;112;14;4
"2019";"Décembre";"Basel-Stadt";3879;335;492;62
"2019";"Décembre";"Basel-Landschaft";165;16;52;4
"2019";"Décembre";"Schaffhausen";101;8;7;0
"2019";"Décembre";"Appenzell Ausserrhoden";10;0;0;0
"2019";"Décembre";"Appenzell Innerrhoden";19;0;1;0
"2019";"Décembre";"St. Gallen";360;72;88;12
"2019";"Décembre";"Graubünden / Grigioni / Grischun";3931;385;211;74
"2019";"Décembre";"Aargau";331;133;64;6
"2019";"Décembre";"Thurgau";49;6;8;0
"2019";"Décembre";"Ticino";572;148;43;133
"2019";"Décembre";"Vaud";4190;425;428;174
"2019";"Décembre";"Valais / Wallis";6499;471;637;173
"2019";"Décembre";"Neuchâtel";91;5;28;2
"2019";"Décembre";"Genève";11036;837;648;1358
"2019";"Décembre";"Jura";20;0;1;0
"2020";"Janvier";"Zürich";11373;2908;1876;501
"2020";"Janvier";"Bern / Berne";6009;917;1108;657
"2020";"Janvier";"Luzern";1191;590;392;109
"2020";"Janvier";"Uri";442;10;67;27
"2020";"Janvier";"Schwyz";158;4;10;6
"2020";"Janvier";"Obwalden";394;21;178;10
"2020";"Janvier";"Nidwalden";227;19;13;46
"2020";"Janvier";"Glarus";12;2;0;2
"2020";"Janvier";"Zug";470;82;9;4
"2020";"Janvier";"Fribourg / Freiburg";174;5;10;2
"2020";"Janvier";"Solothurn";252;16;20;19
"2020";"Janvier";"Basel-Stadt";2806;264;195;44
"2020";"Janvier";"Basel-Landschaft";143;24;9;1
"2020";"Janvier";"Schaffhausen";154;3;4;0
"2020";"Janvier";"Appenzell Ausserrhoden";16;3;1;0
"2020";"Janvier";"Appenzell Innerrhoden";7;0;2;0
"2020";"Janvier";"St. Gallen";412;68;40;35
"2020";"Janvier";"Graubünden / Grigioni / Grischun";4738;331;425;309
"2020";"Janvier";"Aargau";359;114;50;10
"2020";"Janvier";"Thurgau";44;4;10;0
"2020";"Janvier";"Ticino";432;82;77;147
"2020";"Janvier";"Vaud";3155;346;389;251
"2020";"Janvier";"Valais / Wallis";6497;183;357;200
"2020";"Janvier";"Neuchâtel";131;19;36;11
"2020";"Janvier";"Genève";10508;705;714;2304
"2020";"Janvier";"Jura";21;0;10;0
"2020";"Février";"Zürich";12279;2635;1637;289
"2020";"Février";"Bern / Berne";7148;1158;1400;367
"2020";"Février";"Luzern";1172;1004;202;65
"2020";"Février";"Uri";666;15;10;8
"2020";"Février";"Schwyz";181;6;11;4
"2020";"Février";"Obwalden";620;73;9;4
"2020";"Février";"Nidwalden";224;64;23;22
"2020";"Février";"Glarus";19;0;0;0
"2020";"Février";"Zug";445;72;5;11
"2020";"Février";"Fribourg / Freiburg";220;16;9;6
"2020";"Février";"Solothurn";262;17;14;4
"2020";"Février";"Basel-Stadt";3529;343;239;60
"2020";"Février";"Basel-Landschaft";153;7;23;1
"2020";"Février";"Schaffhausen";105;30;4;2
"2020";"Février";"Appenzell Ausserrhoden";24;1;3;0
"2020";"Février";"Appenzell Innerrhoden";8;0;0;0
"2020";"Février";"St. Gallen";495;66;63;22
"2020";"Février";"Graubünden / Grigioni / Grischun";7247;213;250;55
"2020";"Février";"Aargau";386;68;56;4
"2020";"Février";"Thurgau";59;1;8;3
"2020";"Février";"Ticino";519;91;52;54
"2020";"Février";"Vaud";3933;289;334;214
"2020";"Février";"Valais / Wallis";8643;244;664;225
"2020";"Février";"Neuchâtel";149;19;27;0
"2020";"Février";"Genève";14857;705;830;1238
"2020";"Février";"Jura";18;0;0;0
"2020";"Mars";"Zürich";3597;952;597;104
"2020";"Mars";"Bern / Berne";1885;643;507;195
"2020";"Mars";"Luzern";390;482;46;24
"2020";"Mars";"Uri";168;10;0;0
"2020";"Mars";"Schwyz";38;26;6;0
"2020";"Mars";"Obwalden";173;7;2;0
"2020";"Mars";"Nidwalden";126;13;1;3
"2020";"Mars";"Glarus";3;0;0;0
"2020";"Mars";"Zug";124;17;18;0
"2020";"Mars";"Fribourg / Freiburg";57;6;4;0
"2020";"Mars";"Solothurn";69;6;7;0
"2020";"Mars";"Basel-Stadt";846;39;60;13
"2020";"Mars";"Basel-Landschaft";37;6;1;0
"2020";"Mars";"Schaffhausen";23;4;2;0
"2020";"Mars";"Appenzell Ausserrhoden";7;1;0;0
"2020";"Mars";"Appenzell Innerrhoden";1;0;0;0
"2020";"Mars";"St. Gallen";99;9;10;22
"2020";"Mars";"Graubünden / Grigioni / Grischun";1485;32;67;10
"2020";"Mars";"Aargau";104;23;6;1
"2020";"Mars";"Thurgau";25;0;4;0
"2020";"Mars";"Ticino";100;4;5;14
"2020";"Mars";"Vaud";1115;76;131;112
"2020";"Mars";"Valais / Wallis";2464;72;243;25
"2020";"Mars";"Neuchâtel";60;1;1;2
"2020";"Mars";"Genève";5505;149;300;591
"2020";"Mars";"Jura";7;0;0;0
"2020";"Avril";"Zürich";167;6;20;1
"2020";"Avril";"Bern / Berne";15;28;1;2
"2020";"Avril";"Luzern";2;2;0;0
"2020";"Avril";"Uri";2;0;0;0
"2020";"Avril";"Schwyz";1;2;0;0
"2020";"Avril";"Obwalden";0;0;0;0
"2020";"Avril";"Nidwalden";0;0;0;0
"2020";"Avril";"Glarus";0;0;0;0
"2020";"Avril";"Zug";0;0;0;0
"2020";"Avril";"Fribourg / Freiburg";0;0;0;0
"2020";"Avril";"Solothurn";9;1;0;1
"2020";"Avril";"Basel-Stadt";55;8;0;0
"2020";"Avril";"Basel-Landschaft";0;0;0;0
"2020";"Avril";"Schaffhausen";0;0;0;0
"2020";"Avril";"Appenzell Ausserrhoden";0;0;0;0
"2020";"Avril";"Appenzell Innerrhoden";0;0;0;0
"2020";"Avril";"St. Gallen";1;0;0;1
"2020";"Avril";"Graubünden / Grigioni / Grischun";11;0;0;0
"2020";"Avril";"Aargau";18;0;0;0
"2020";"Avril";"Thurgau";1;0;0;0
"2020";"Avril";"Ticino";0;0;0;0
"2020";"Avril";"Vaud";15;0;0;6
"2020";"Avril";"Valais / Wallis";4;0;0;2
"2020";"Avril";"Neuchâtel";3;0;0;0
"2020";"Avril";"Genève";31;0;1;34
"2020";"Avril";"Jura";0;0;0;0
"2020";"Mai";"Zürich";237;12;10;8
"2020";"Mai";"Bern / Berne";150;39;15;9
"2020";"Mai";"Luzern";32;0;0;0
"2020";"Mai";"Uri";2;0;0;0
"2020";"Mai";"Schwyz";21;0;0;0
"2020";"Mai";"Obwalden";0;0;0;0
"2020";"Mai";"Nidwalden";11;0;0;0
"2020";"Mai";"Glarus";2;0;0;0
"2020";"Mai";"Zug";8;0;0;0
"2020";"Mai";"Fribourg / Freiburg";1;2;0;0
"2020";"Mai";"Solothurn";1;1;0;0
"2020";"Mai";"Basel-Stadt";48;3;2;0
"2020";"Mai";"Basel-Landschaft";0;0;0;0
"2020";"Mai";"Schaffhausen";1;2;0;0
"2020";"Mai";"Appenzell Ausserrhoden";2;0;0;0
"2020";"Mai";"Appenzell Innerrhoden";4;0;0;0
"2020";"Mai";"St. Gallen";21;1;1;4
"2020";"Mai";"Graubünden / Grigioni / Grischun";34;0;1;0
"2020";"Mai";"Aargau";30;0;0;0
"2020";"Mai";"Thurgau";6;0;0;0
"2020";"Mai";"Ticino";78;6;1;0
"2020";"Mai";"Vaud";61;2;0;6
"2020";"Mai";"Valais / Wallis";45;22;0;5
"2020";"Mai";"Neuchâtel";3;0;0;0
"2020";"Mai";"Genève";126;6;4;5
"2020";"Mai";"Jura";2;0;0;0
"2020";"Juin";"Zürich";741;33;25;23
"2020";"Juin";"Bern / Berne";281;29;21;22
"2020";"Juin";"Luzern";137;12;1;6
"2020";"Juin";"Uri";27;0;0;0
"2020";"Juin";"Schwyz";29;30;0;0
"2020";"Juin";"Obwalden";4;0;0;1
"2020";"Juin";"Nidwalden";32;0;0;0
"2020";"Juin";"Glarus";3;0;0;0
"2020";"Juin";"Zug";15;5;0;0
"2020";"Juin";"Fribourg / Freiburg";14;4;0;0
"2020";"Juin";"Solothurn";31;1;0;0
"2020";"Juin";"Basel-Stadt";150;2;11;8
"2020";"Juin";"Basel-Landschaft";14;0;0;0
"2020";"Juin";"Schaffhausen";4;1;0;0
"2020";"Juin";"Appenzell Ausserrhoden";2;0;0;0
"2020";"Juin";"Appenzell Innerrhoden";18;0;1;0
"2020";"Juin";"St. Gallen";57;2;3;7
"2020";"Juin";"Graubünden / Grigioni / Grischun";146;3;4;1
"2020";"Juin";"Aargau";27;3;2;0
"2020";"Juin";"Thurgau";14;1;0;1
"2020";"Juin";"Ticino";193;7;5;2
"2020";"Juin";"Vaud";342;5;20;28
"2020";"Juin";"Valais / Wallis";193;17;23;0
"2020";"Juin";"Neuchâtel";20;0;0;0
"2020";"Juin";"Genève";477;8;18;31
"2020";"Juin";"Jura";6;0;0;0
"2020";"Juillet";"Zürich";2154;55;54;29
"2020";"Juillet";"Bern / Berne";2035;100;123;43
"2020";"Juillet";"Luzern";925;30;16;5
"2020";"Juillet";"Uri";136;0;14;0
"2020";"Juillet";"Schwyz";55;0;1;0
"2020";"Juillet";"Obwalden";53;5;2;2
"2020";"Juillet";"Nidwalden";162;0;2;0
"2020";"Juillet";"Glarus";13;0;0;0
"2020";"Juillet";"Zug";95;1;2;0
"2020";"Juillet";"Fribourg / Freiburg";50;3;9;0
"2020";"Juillet";"Solothurn";135;2;1;0
"2020";"Juillet";"Basel-Stadt";612;25;17;8
"2020";"Juillet";"Basel-Landschaft";76;5;0;0
"2020";"Juillet";"Schaffhausen";33;0;0;0
"2020";"Juillet";"Appenzell Ausserrhoden";8;0;3;0
"2020";"Juillet";"Appenzell Innerrhoden";5;0;0;0
"2020";"Juillet";"St. Gallen";199;10;8;0
"2020";"Juillet";"Graubünden / Grigioni / Grischun";786;17;72;3
"2020";"Juillet";"Aargau";105;1;1;2
"2020";"Juillet";"Thurgau";43;2;0;0
"2020";"Juillet";"Ticino";735;16;12;4
"2020";"Juillet";"Vaud";1233;39;27;23
"2020";"Juillet";"Valais / Wallis";1566;101;314;39
"2020";"Juillet";"Neuchâtel";47;1;5;0
"2020";"Juillet";"Genève";1843;12;47;45
"2020";"Juillet";"Jura";18;0;0;0
"2020";"Août";"Zürich";3404;112;164;49
"2020";"Août";"Bern / Berne";3815;92;201;61
"2020";"Août";"Luzern";1803;45;30;1
"2020";"Août";"Uri";238;0;22;2
"2020";"Août";"Schwyz";177;2;2;0
"2020";"Août";"Obwalden";130;3;2;2
"2020";"Août";"Nidwalden";273;24;1;4
"2020";"Août";"Glarus";46;5;0;0
"2020";"Août";"Zug";127;0;3;0
"2020";"Août";"Fribourg / Freiburg";97;0;3;0
"2020";"Août";"Solothurn";234;1;3;0
"2020";"Août";"Basel-Stadt";1414;19;38;24
"2020";"Août";"Basel-Landschaft";158;7;0;0
"2020";"Août";"Schaffhausen";47;3;0;0
"2020";"Août";"Appenzell Ausserrhoden";15;0;0;0
"2020";"Août";"Appenzell Innerrhoden";42;0;1;0
"2020";"Août";"St. Gallen";257;5;11;19
"2020";"Août";"Graubünden / Grigioni / Grischun";1414;20;57;0
"2020";"Août";"Aargau";155;5;8;0
"2020";"Août";"Thurgau";65;0;0;1
"2020";"Août";"Ticino";1185;57;41;6
"2020";"Août";"Vaud";2528;32;57;41
"2020";"Août";"Valais / Wallis";2696;45;150;29
"2020";"Août";"Neuchâtel";132;4;4;0
"2020";"Août";"Genève";3327;54;95;80
"2020";"Août";"Jura";23;0;0;0
"2020";"Septembre";"Zürich";1718;91;132;31
"2020";"Septembre";"Bern / Berne";1113;38;62;18
"2020";"Septembre";"Luzern";446;30;26;4
"2020";"Septembre";"Uri";112;0;3;0
"2020";"Septembre";"Schwyz";46;15;3;0
"2020";"Septembre";"Obwalden";53;4;1;2
"2020";"Septembre";"Nidwalden";59;0;1;5
"2020";"Septembre";"Glarus";11;0;0;0
"2020";"Septembre";"Zug";84;2;0;1
"2020";"Septembre";"Fribourg / Freiburg";41;0;3;0
"2020";"Septembre";"Solothurn";49;1;6;0
"2020";"Septembre";"Basel-Stadt";418;15;31;19
"2020";"Septembre";"Basel-Landschaft";32;1;1;2
"2020";"Septembre";"Schaffhausen";20;2;2;0
"2020";"Septembre";"Appenzell Ausserrhoden";4;0;0;0
"2020";"Septembre";"Appenzell Innerrhoden";8;0;0;0
"2020";"Septembre";"St. Gallen";115;3;10;0
"2020";"Septembre";"Graubünden / Grigioni / Grischun";396;12;16;0
"2020";"Septembre";"Aargau";95;4;6;0
"2020";"Septembre";"Thurgau";24;0;0;0
"2020";"Septembre";"Ticino";470;29;24;7
"2020";"Septembre";"Vaud";770;21;70;16
"2020";"Septembre";"Valais / Wallis";872;30;132;2
"2020";"Septembre";"Neuchâtel";36;2;10;0
"2020";"Septembre";"Genève";1310;66;62;52
"2020";"Septembre";"Jura";13;0;0;0
"2020";"Octobre";"Zürich";921;71;94;19
"2020";"Octobre";"Bern / Berne";334;36;45;17
"2020";"Octobre";"Luzern";142;10;10;0
"2020";"Octobre";"Uri";23;1;0;0
"2020";"Octobre";"Schwyz";35;9;2;0
"2020";"Octobre";"Obwalden";12;0;0;1
"2020";"Octobre";"Nidwalden";67;0;2;13
"2020";"Octobre";"Glarus";3;0;0;0
"2020";"Octobre";"Zug";30;5;2;0
"2020";"Octobre";"Fribourg / Freiburg";24;0;8;0
"2020";"Octobre";"Solothurn";30;11;2;0
"2020";"Octobre";"Basel-Stadt";225;13;33;7
"2020";"Octobre";"Basel-Landschaft";22;1;1;0
"2020";"Octobre";"Schaffhausen";10;1;0;0
"2020";"Octobre";"Appenzell Ausserrhoden";0;5;0;0
"2020";"Octobre";"Appenzell Innerrhoden";18;0;0;0
"2020";"Octobre";"St. Gallen";52;15;6;0
"2020";"Octobre";"Graubünden / Grigioni / Grischun";142;30;5;0
"2020";"Octobre";"Aargau";71;7;0;0
"2020";"Octobre";"Thurgau";9;0;2;0
"2020";"Octobre";"Ticino";234;13;17;5
"2020";"Octobre";"Vaud";331;15;41;32
"2020";"Octobre";"Valais / Wallis";241;15;23;4
"2020";"Octobre";"Neuchâtel";23;0;5;2
"2020";"Octobre";"Genève";679;44;81;80
"2020";"Octobre";"Jura";2;0;0;0
"2020";"Novembre";"Zürich";860;54;81;35
"2020";"Novembre";"Bern / Berne";169;12;33;4
"2020";"Novembre";"Luzern";103;5;7;1
"2020";"Novembre";"Uri";24;0;2;0
"2020";"Novembre";"Schwyz";14;0;0;0
"2020";"Novembre";"Obwalden";10;1;3;0
"2020";"Novembre";"Nidwalden";53;0;0;4
"2020";"Novembre";"Glarus";6;0;0;0
"2020";"Novembre";"Zug";23;3;4;0
"2020";"Novembre";"Fribourg / Freiburg";8;0;0;0
"2020";"Novembre";"Solothurn";26;7;0;0
"2020";"Novembre";"Basel-Stadt";197;5;16;4
"2020";"Novembre";"Basel-Landschaft";18;1;2;0
"2020";"Novembre";"Schaffhausen";6;4;2;0
"2020";"Novembre";"Appenzell Ausserrhoden";7;0;0;0
"2020";"Novembre";"Appenzell Innerrhoden";2;0;0;0
"2020";"Novembre";"St. Gallen";61;1;5;0
"2020";"Novembre";"Graubünden / Grigioni / Grischun";126;0;26;0
"2020";"Novembre";"Aargau";45;1;5;5
"2020";"Novembre";"Thurgau";5;0;0;0
"2020";"Novembre";"Ticino";100;1;6;4
"2020";"Novembre";"Vaud";221;8;8;5
"2020";"Novembre";"Valais / Wallis";179;1;1;0
"2020";"Novembre";"Neuchâtel";11;0;6;1
"2020";"Novembre";"Genève";577;24;22;30
"2020";"Novembre";"Jura";3;0;1;0
"2020";"Décembre";"Zürich";976;76;62;12
"2020";"Décembre";"Bern / Berne";584;38;34;17
"2020";"Décembre";"Luzern";127;7;8;7
"2020";"Décembre";"Uri";80;0;0;0
"2020";"Décembre";"Schwyz";13;0;0;0
"2020";"Décembre";"Obwalden";35;0;10;0
"2020";"Décembre";"Nidwalden";49;1;0;4
"2020";"Décembre";"Glarus";0;0;0;0
"2020";"Décembre";"Zug";30;0;0;0
"2020";"Décembre";"Fribourg / Freiburg";7;0;0;0
"2020";"Décembre";"Solothurn";22;6;0;0
"2020";"Décembre";"Basel-Stadt";129;9;5;4
"2020";"Décembre";"Basel-Landschaft";43;0;3;0
"2020";"Décembre";"Schaffhausen";4;0;0;0
"2020";"Décembre";"Appenzell Ausserrhoden";2;0;0;0
"2020";"Décembre";"Appenzell Innerrhoden";2;0;0;0
"2020";"Décembre";"St. Gallen";17;5;0;12
"2020";"Décembre";"Graubünden / Grigioni / Grischun";774;16;14;12
"2020";"Décembre";"Aargau";54;0;4;1
"2020";"Décembre";"Thurgau";3;0;1;0
"2020";"Décembre";"Ticino";101;11;2;4
"2020";"Décembre";"Vaud";312;20;18;6
"2020";"Décembre";"Valais / Wallis";1364;22;22;5
"2020";"Décembre";"Neuchâtel";8;5;4;0
"2020";"Décembre";"Genève";893;32;35;36
"2020";"Décembre";"Jura";2;0;0;0
"2021";"Janvier";"Zürich";476;38;107;24
"2021";"Janvier";"Bern / Berne";297;23;20;12
"2021";"Janvier";"Luzern";42;6;1;4
"2021";"Janvier";"Uri";50;0;0;0
"2021";"Janvier";"Schwyz";3;0;0;0
"2021";"Janvier";"Obwalden";11;0;0;1
"2021";"Janvier";"Nidwalden";9;0;0;0
"2021";"Janvier";"Glarus";0;0;0;0
"2021";"Janvier";"Zug";3;0;0;0
"2021";"Janvier";"Fribourg / Freiburg";7;2;0;0
"2021";"Janvier";"Solothurn";13;10;0;2
"2021";"Janvier";"Basel-Stadt";65;5;7;13
"2021";"Janvier";"Basel-Landschaft";11;4;0;0
"2021";"Janvier";"Schaffhausen";0;0;0;0
"2021";"Janvier";"Appenzell Ausserrhoden";0;50;0;0
"2021";"Janvier";"Appenzell Innerrhoden";0;0;0;0
"2021";"Janvier";"St. Gallen";35;3;4;8
"2021";"Janvier";"Graubünden / Grigioni / Grischun";345;1;31;1
"2021";"Janvier";"Aargau";21;2;4;0
"2021";"Janvier";"Thurgau";0;0;0;0
"2021";"Janvier";"Ticino";52;5;1;0
"2021";"Janvier";"Vaud";174;17;7;4
"2021";"Janvier";"Valais / Wallis";360;10;10;17
"2021";"Janvier";"Neuchâtel";9;0;3;0
"2021";"Janvier";"Genève";442;44;19;27
"2021";"Janvier";"Jura";1;0;0;0
"2021";"Février";"Zürich";455;34;27;10
"2021";"Février";"Bern / Berne";384;29;7;4
"2021";"Février";"Luzern";57;0;0;4
"2021";"Février";"Uri";97;0;0;0
"2021";"Février";"Schwyz";14;2;0;0
"2021";"Février";"Obwalden";21;0;0;2
"2021";"Février";"Nidwalden";22;0;0;0
"2021";"Février";"Glarus";0;0;0;0
"2021";"Février";"Zug";5;1;1;0
"2021";"Février";"Fribourg / Freiburg";5;1;0;1
"2021";"Février";"Solothurn";16;6;3;0
"2021";"Février";"Basel-Stadt";108;25;1;10
"2021";"Février";"Basel-Landschaft";6;0;0;0
"2021";"Février";"Schaffhausen";2;0;0;0
"2021";"Février";"Appenzell Ausserrhoden";0;0;0;0
"2021";"Février";"Appenzell Innerrhoden";0;0;0;0
"2021";"Février";"St. Gallen";22;2;3;0
"2021";"Février";"Graubünden / Grigioni / Grischun";266;15;3;2
"2021";"Février";"Aargau";22;0;2;0
"2021";"Février";"Thurgau";0;0;0;0
"2021";"Février";"Ticino";55;1;7;0
"2021";"Février";"Vaud";163;9;10;2
"2021";"Février";"Valais / Wallis";446;10;15;7
"2021";"Février";"Neuchâtel";6;0;4;0
"2021";"Février";"Genève";275;64;20;11
"2021";"Février";"Jura";3;0;0;0
"2021";"Mars";"Zürich";562;81;53;14
"2021";"Mars";"Bern / Berne";381;29;11;25
"2021";"Mars";"Luzern";58;2;0;0
"2021";"Mars";"Uri";57;2;0;0
"2021";"Mars";"Schwyz";11;2;1;0
"2021";"Mars";"Obwalden";32;0;0;2
"2021";"Mars";"Nidwalden";13;0;0;2
"2021";"Mars";"Glarus";0;0;0;0
"2021";"Mars";"Zug";19;0;1;0
"2021";"Mars";"Fribourg / Freiburg";4;1;0;0
"2021";"Mars";"Solothurn";5;7;0;0
"2021";"Mars";"Basel-Stadt";126;20;5;11
"2021";"Mars";"Basel-Landschaft";8;1;0;5
"2021";"Mars";"Schaffhausen";2;0;0;0
"2021";"Mars";"Appenzell Ausserrhoden";0;0;2;0
"2021";"Mars";"Appenzell Innerrhoden";0;0;0;0
"2021";"Mars";"St. Gallen";31;4;1;0
"2021";"Mars";"Graubünden / Grigioni / Grischun";217;34;8;4
"2021";"Mars";"Aargau";29;1;1;0
"2021";"Mars";"Thurgau";8;0;0;0
"2021";"Mars";"Ticino";106;15;14;4
"2021";"Mars";"Vaud";180;13;6;11
"2021";"Mars";"Valais / Wallis";478;12;12;3
"2021";"Mars";"Neuchâtel";11;0;7;0
"2021";"Mars";"Genève";469;53;44;48
"2021";"Mars";"Jura";1;2;0;0
"2021";"Avril";"Zürich";772;80;50;38
"2021";"Avril";"Bern / Berne";236;34;21;7
"2021";"Avril";"Luzern";82;11;5;4
"2021";"Avril";"Uri";46;3;0;0
"2021";"Avril";"Schwyz";18;3;0;0
"2021";"Avril";"Obwalden";7;0;0;0
"2021";"Avril";"Nidwalden";30;2;0;0
"2021";"Avril";"Glarus";2;0;0;0
"2021";"Avril";"Zug";12;0;1;0
"2021";"Avril";"Fribourg / Freiburg";26;0;1;5
"2021";"Avril";"Solothurn";16;9;0;0
"2021";"Avril";"Basel-Stadt";138;25;6;11
"2021";"Avril";"Basel-Landschaft";13;0;2;0
"2021";"Avril";"Schaffhausen";1;2;4;0
"2021";"Avril";"Appenzell Ausserrhoden";2;0;2;0
"2021";"Avril";"Appenzell Innerrhoden";2;0;0;0
"2021";"Avril";"St. Gallen";23;11;6;0
"2021";"Avril";"Graubünden / Grigioni / Grischun";125;15;5;6
"2021";"Avril";"Aargau";34;0;3;0
"2021";"Avril";"Thurgau";12;0;1;0
"2021";"Avril";"Ticino";223;81;21;7
"2021";"Avril";"Vaud";257;12;15;10
"2021";"Avril";"Valais / Wallis";303;7;12;4
"2021";"Avril";"Neuchâtel";23;3;7;0
"2021";"Avril";"Genève";639;89;46;17
"2021";"Avril";"Jura";5;0;0;0
"2021";"Mai";"Zürich";993;135;37;46
"2021";"Mai";"Bern / Berne";296;67;19;13
"2021";"Mai";"Luzern";208;11;17;2
"2021";"Mai";"Uri";13;0;1;0
"2021";"Mai";"Schwyz";75;0;0;0
"2021";"Mai";"Obwalden";12;2;0;0
"2021";"Mai";"Nidwalden";39;0;0;3
"2021";"Mai";"Glarus";3;0;0;0
"2021";"Mai";"Zug";20;1;0;1
"2021";"Mai";"Fribourg / Freiburg";10;0;0;0
"2021";"Mai";"Solothurn";36;10;0;1
"2021";"Mai";"Basel-Stadt";162;18;10;2
"2021";"Mai";"Basel-Landschaft";18;0;3;0
"2021";"Mai";"Schaffhausen";2;0;0;0
"2021";"Mai";"Appenzell Ausserrhoden";1;0;0;0
"2021";"Mai";"Appenzell Innerrhoden";0;0;0;0
"2021";"Mai";"St. Gallen";56;8;12;1
"2021";"Mai";"Graubünden / Grigioni / Grischun";83;9;10;0
"2021";"Mai";"Aargau";48;1;0;0
"2021";"Mai";"Thurgau";6;0;1;0
"2021";"Mai";"Ticino";236;33;19;0
"2021";"Mai";"Vaud";414;7;17;22
"2021";"Mai";"Valais / Wallis";117;6;12;0
"2021";"Mai";"Neuchâtel";27;0;8;0
"2021";"Mai";"Genève";803;79;40;52
"2021";"Mai";"Jura";8;0;0;0
"2021";"Juin";"Zürich";918;71;44;72
"2021";"Juin";"Bern / Berne";375;47;46;50
"2021";"Juin";"Luzern";116;12;1;4
"2021";"Juin";"Uri";34;5;0;0
"2021";"Juin";"Schwyz";27;45;0;0
"2021";"Juin";"Obwalden";9;0;0;2
"2021";"Juin";"Nidwalden";24;0;0;2
"2021";"Juin";"Glarus";2;0;0;0
"2021";"Juin";"Zug";43;0;0;0
"2021";"Juin";"Fribourg / Freiburg";11;0;0;0
"2021";"Juin";"Solothurn";24;8;1;0
"2021";"Juin";"Basel-Stadt";174;18;7;34
"2021";"Juin";"Basel-Landschaft";17;1;2;2
"2021";"Juin";"Schaffhausen";7;0;2;0
"2021";"Juin";"Appenzell Ausserrhoden";1;0;0;0
"2021";"Juin";"Appenzell Innerrhoden";0;0;0;0
"2021";"Juin";"St. Gallen";52;5;6;48
"2021";"Juin";"Graubünden / Grigioni / Grischun";96;30;2;0
"2021";"Juin";"Aargau";43;8;3;0
"2021";"Juin";"Thurgau";12;1;2;0
"2021";"Juin";"Ticino";208;31;10;15
"2021";"Juin";"Vaud";437;28;37;37
"2021";"Juin";"Valais / Wallis";185;9;12;8
"2021";"Juin";"Neuchâtel";23;0;5;0
"2021";"Juin";"Genève";1034;96;59;184
"2021";"Juin";"Jura";2;0;0;0
"2021";"Juillet";"Zürich";2053;559;120;396
"2021";"Juillet";"Bern / Berne";1049;335;97;907
"2021";"Juillet";"Luzern";396;108;22;131
"2021";"Juillet";"Uri";95;8;15;8
"2021";"Juillet";"Schwyz";45;1;1;13
"2021";"Juillet";"Obwalden";22;2;3;11
"2021";"Juillet";"Nidwalden";61;22;0;57
"2021";"Juillet";"Glarus";10;0;0;0
"2021";"Juillet";"Zug";62;22;1;1
"2021";"Juillet";"Fribourg / Freiburg";54;28;0;14
"2021";"Juillet";"Solothurn";39;14;2;2
"2021";"Juillet";"Basel-Stadt";1306;81;42;35
"2021";"Juillet";"Basel-Landschaft";30;3;8;3
"2021";"Juillet";"Schaffhausen";23;6;1;2
"2021";"Juillet";"Appenzell Ausserrhoden";9;4;0;0
"2021";"Juillet";"Appenzell Innerrhoden";9;0;0;0
"2021";"Juillet";"St. Gallen";97;40;5;23
"2021";"Juillet";"Graubünden / Grigioni / Grischun";431;103;64;37
"2021";"Juillet";"Aargau";89;20;7;10
"2021";"Juillet";"Thurgau";15;0;2;0
"2021";"Juillet";"Ticino";459;100;33;87
"2021";"Juillet";"Vaud";833;98;45;256
"2021";"Juillet";"Valais / Wallis";1094;69;107;95
"2021";"Juillet";"Neuchâtel";39;0;7;10
"2021";"Juillet";"Genève";1751;284;89;1225
"2021";"Juillet";"Jura";9;0;1;0
"2021";"Août";"Zürich";4002;1121;222;1178
"2021";"Août";"Bern / Berne";3205;702;146;2596
"2021";"Août";"Luzern";958;227;38;346
"2021";"Août";"Uri";146;41;11;15
"2021";"Août";"Schwyz";148;13;1;12
"2021";"Août";"Obwalden";81;16;0;55
"2021";"Août";"Nidwalden";195;105;0;251
"2021";"Août";"Glarus";11;0;0;2
"2021";"Août";"Zug";173;11;4;8
"2021";"Août";"Fribourg / Freiburg";116;6;3;12
"2021";"Août";"Solothurn";112;19;2;2
"2021";"Août";"Basel-Stadt";631;101;65;97
"2021";"Août";"Basel-Landschaft";57;1;7;1
"2021";"Août";"Schaffhausen";33;4;6;0
"2021";"Août";"Appenzell Ausserrhoden";8;0;0;0
"2021";"Août";"Appenzell Innerrhoden";11;2;1;0
"2021";"Août";"St. Gallen";236;44;22;133
"2021";"Août";"Graubünden / Grigioni / Grischun";1091;173;25;77
"2021";"Août";"Aargau";180;10;14;38
"2021";"Août";"Thurgau";50;0;5;2
"2021";"Août";"Ticino";885;138;45;274
"2021";"Août";"Vaud";1538;188;87;769
"2021";"Août";"Valais / Wallis";2662;272;166;188
"2021";"Août";"Neuchâtel";65;5;5;10
"2021";"Août";"Genève";3966;487;145;3039
"2021";"Août";"Jura";20;0;4;0
"2021";"Septembre";"Zürich";5359;1546;224;863
"2021";"Septembre";"Bern / Berne";2959;1033;120;2875
"2021";"Septembre";"Luzern";1178;385;41;340
"2021";"Septembre";"Uri";140;32;3;34
"2021";"Septembre";"Schwyz";100;59;3;13
"2021";"Septembre";"Obwalden";54;24;2;24
"2021";"Septembre";"Nidwalden";189;45;4;161
"2021";"Septembre";"Glarus";19;0;0;0
"2021";"Septembre";"Zug";358;22;6;8
"2021";"Septembre";"Fribourg / Freiburg";120;46;2;27
"2021";"Septembre";"Solothurn";118;17;4;5
"2021";"Septembre";"Basel-Stadt";1439;101;54;99
"2021";"Septembre";"Basel-Landschaft";97;4;8;3
"2021";"Septembre";"Schaffhausen";49;7;4;10
"2021";"Septembre";"Appenzell Ausserrhoden";12;2;0;4
"2021";"Septembre";"Appenzell Innerrhoden";21;0;0;0
"2021";"Septembre";"St. Gallen";217;21;10;105
"2021";"Septembre";"Graubünden / Grigioni / Grischun";971;136;39;80
"2021";"Septembre";"Aargau";196;19;15;16
"2021";"Septembre";"Thurgau";33;2;3;0
"2021";"Septembre";"Ticino";722;164;30;236
"2021";"Septembre";"Vaud";1931;379;65;866
"2021";"Septembre";"Valais / Wallis";1991;286;69;108
"2021";"Septembre";"Neuchâtel";115;55;6;12
"2021";"Septembre";"Genève";5182;604;123;3035
"2021";"Septembre";"Jura";20;0;0;0
"2021";"Octobre";"Zürich";5675;1799;203;872
"2021";"Octobre";"Bern / Berne";2076;1401;101;2443
"2021";"Octobre";"Luzern";971;478;24;284
"2021";"Octobre";"Uri";101;18;0;2
"2021";"Octobre";"Schwyz";120;24;3;6
"2021";"Octobre";"Obwalden";121;28;0;28
"2021";"Octobre";"Nidwalden";121;58;2;118
"2021";"Octobre";"Glarus";6;0;0;0
"2021";"Octobre";"Zug";271;41;15;0
"2021";"Octobre";"Fribourg / Freiburg";83;2;5;5
"2021";"Octobre";"Solothurn";116;19;2;0
"2021";"Octobre";"Basel-Stadt";1053;121;43;74
"2021";"Octobre";"Basel-Landschaft";75;13;0;3
"2021";"Octobre";"Schaffhausen";36;10;2;12
"2021";"Octobre";"Appenzell Ausserrhoden";14;3;0;0
"2021";"Octobre";"Appenzell Innerrhoden";9;0;1;0
"2021";"Octobre";"St. Gallen";178;28;12;77
"2021";"Octobre";"Graubünden / Grigioni / Grischun";506;141;20;41
"2021";"Octobre";"Aargau";177;11;13;21
"2021";"Octobre";"Thurgau";52;1;0;0
"2021";"Octobre";"Ticino";549;189;35;298
"2021";"Octobre";"Vaud";1841;389;77;697
"2021";"Octobre";"Valais / Wallis";1251;310;100;57
"2021";"Octobre";"Neuchâtel";113;6;11;11
"2021";"Octobre";"Genève";5620;735;180;2506
"2021";"Octobre";"Jura";19;0;2;1
"2021";"Novembre";"Zürich";6218;1722;227;542
"2021";"Novembre";"Bern / Berne";983;841;68;1048
"2021";"Novembre";"Luzern";699;506;37;164
"2021";"Novembre";"Uri";112;25;0;7
"2021";"Novembre";"Schwyz";79;13;2;9
"2021";"Novembre";"Obwalden";45;28;2;10
"2021";"Novembre";"Nidwalden";123;34;1;51
"2021";"Novembre";"Glarus";2;0;0;0
"2021";"Novembre";"Zug";266;26;1;5
"2021";"Novembre";"Fribourg / Freiburg";72;6;5;2
"2021";"Novembre";"Solothurn";72;13;5;2
"2021";"Novembre";"Basel-Stadt";1481;114;54;49
"2021";"Novembre";"Basel-Landschaft";42;4;4;0
"2021";"Novembre";"Schaffhausen";30;6;0;0
"2021";"Novembre";"Appenzell Ausserrhoden";10;0;0;2
"2021";"Novembre";"Appenzell Innerrhoden";4;0;0;0
"2021";"Novembre";"St. Gallen";196;38;16;27
"2021";"Novembre";"Graubünden / Grigioni / Grischun";280;26;24;18
"2021";"Novembre";"Aargau";170;16;16;19
"2021";"Novembre";"Thurgau";38;3;0;0
"2021";"Novembre";"Ticino";397;70;11;188
"2021";"Novembre";"Vaud";1469;278;77;379
"2021";"Novembre";"Valais / Wallis";584;198;23;69
"2021";"Novembre";"Neuchâtel";80;17;6;2
"2021";"Novembre";"Genève";5266;485;135;1619
"2021";"Novembre";"Jura";19;0;2;0
"2021";"Décembre";"Zürich";2557;1389;132;339
"2021";"Décembre";"Bern / Berne";2313;930;73;461
"2021";"Décembre";"Luzern";379;445;27;61
"2021";"Décembre";"Uri";186;26;0;1
"2021";"Décembre";"Schwyz";99;2;2;8
"2021";"Décembre";"Obwalden";82;12;18;15
"2021";"Décembre";"Nidwalden";106;27;1;24
"2021";"Décembre";"Glarus";0;0;0;0
"2021";"Décembre";"Zug";32;4;0;0
"2021";"Décembre";"Fribourg / Freiburg";17;5;0;0
"2021";"Décembre";"Solothurn";35;15;0;3
"2021";"Décembre";"Basel-Stadt";432;159;28;46
"2021";"Décembre";"Basel-Landschaft";74;11;4;2
"2021";"Décembre";"Schaffhausen";2;2;0;0
"2021";"Décembre";"Appenzell Ausserrhoden";4;0;0;0
"2021";"Décembre";"Appenzell Innerrhoden";3;0;0;0
"2021";"Décembre";"St. Gallen";82;15;2;38
"2021";"Décembre";"Graubünden / Grigioni / Grischun";2297;169;39;56
"2021";"Décembre";"Aargau";48;7;4;4
"2021";"Décembre";"Thurgau";6;1;0;2
"2021";"Décembre";"Ticino";177;101;10;89
"2021";"Décembre";"Vaud";943;254;28;207
"2021";"Décembre";"Valais / Wallis";4091;318;32;99
"2021";"Décembre";"Neuchâtel";16;4;3;2
"2021";"Décembre";"Genève";2649;384;77;1559
"2021";"Décembre";"Jura";8;0;0;0
"2022";"Janvier";"Zürich";3139;523;129;394
"2022";"Janvier";"Bern / Berne";2867;253;89;386
"2022";"Janvier";"Luzern";288;100;8;34
"2022";"Janvier";"Uri";242;1;2;5
"2022";"Janvier";"Schwyz";32;...;2;13
"2022";"Janvier";"Obwalden";208;7;...;8
"2022";"Janvier";"Nidwalden";84;10;...;27
"2022";"Janvier";"Glarus";1;...;...;...
"2022";"Janvier";"Zug";84;9;4;2
"2022";"Janvier";"Fribourg / Freiburg";15;...;...;...
"2022";"Janvier";"Solothurn";24;14;2;...
"2022";"Janvier";"Basel-Stadt";450;29;17;27
"2022";"Janvier";"Basel-Landschaft";42;13;...;...
"2022";"Janvier";"Schaffhausen";11;...;...;3
"2022";"Janvier";"Appenzell Ausserrhoden";2;...;...;...
"2022";"Janvier";"Appenzell Innerrhoden";2;...;...;...
"2022";"Janvier";"St. Gallen";120;19;5;27
"2022";"Janvier";"Graubünden / Grigioni / Grischun";3231;68;87;43
"2022";"Janvier";"Aargau";68;8;2;6
"2022";"Janvier";"Thurgau";10;2;...;...
"2022";"Janvier";"Ticino";134;30;7;45
"2022";"Janvier";"Vaud";990;94;28;150
"2022";"Janvier";"Valais / Wallis";6693;101;32;128
"2022";"Janvier";"Neuchâtel";15;1;4;...
"2022";"Janvier";"Genève";4274;324;95;1283
"2022";"Janvier";"Jura";1;...;...;...
"2022";"Février";"Zürich";5858;661;156;234
"2022";"Février";"Bern / Berne";6874;407;63;264
"2022";"Février";"Luzern";688;177;12;22
"2022";"Février";"Uri";681;2;...;6
"2022";"Février";"Schwyz";119;4;2;0
"2022";"Février";"Obwalden";328;34;1;6
"2022";"Février";"Nidwalden";140;19;...;11
"2022";"Février";"Glarus";6;...;...;...
"2022";"Février";"Zug";188;7;...;1
"2022";"Février";"Fribourg / Freiburg";55;11;1;...
"2022";"Février";"Solothurn";50;15;1;...
"2022";"Février";"Basel-Stadt";1076;103;28;27
"2022";"Février";"Basel-Landschaft";60;1;...;...
"2022";"Février";"Schaffhausen";14;2;...;...
"2022";"Février";"Appenzell Ausserrhoden";7;1;...;...
"2022";"Février";"Appenzell Innerrhoden";4;...;...;...
"2022";"Février";"St. Gallen";348;36;3;10
"2022";"Février";"Graubünden / Grigioni / Grischun";6657;111;35;58
"2022";"Février";"Aargau";146;15;7;2
"2022";"Février";"Thurgau";16;2;...;...
"2022";"Février";"Ticino";291;67;10;44
"2022";"Février";"Vaud";2220;198;82;140
"2022";"Février";"Valais / Wallis";7727;103;53;168
"2022";"Février";"Neuchâtel";63;1;7;4
"2022";"Février";"Genève";8648;355;121;1155
"2022";"Février";"Jura";11;6;...;...
"2022";"Mars";"Zürich";7302;1478;315;507
"2022";"Mars";"Bern / Berne";5408;876;120;668
"2022";"Mars";"Luzern";1000;475;10;44
"2022";"Mars";"Uri";467;3;1;27
"2022";"Mars";"Schwyz";60;4;1;7
"2022";"Mars";"Obwalden";384;12;5;7
"2022";"Mars";"Nidwalden";232;68;11;48
"2022";"Mars";"Glarus";9;0;4;0
"2022";"Mars";"Zug";348;22;5;3
"2022";"Mars";"Fribourg / Freiburg";89;3;3;1
"2022";"Mars";"Solothurn";67;11;4;0
"2022";"Mars";"Basel-Stadt";1667;225;48;21
"2022";"Mars";"Basel-Landschaft";106;4;2;0
"2022";"Mars";"Schaffhausen";24;9;0;6
"2022";"Mars";"Appenzell Ausserrhoden";17;0;1;0
"2022";"Mars";"Appenzell Innerrhoden";11;0;0;0
"2022";"Mars";"St. Gallen";276;33;8;17
"2022";"Mars";"Graubünden / Grigioni / Grischun";4076;230;37;110
"2022";"Mars";"Aargau";175;15;7;12
"2022";"Mars";"Thurgau";35;2;3;0
"2022";"Mars";"Ticino";417;112;23;107
"2022";"Mars";"Vaud";2585;260;40;207
"2022";"Mars";"Valais / Wallis";8243;349;90;122
"2022";"Mars";"Neuchâtel";117;1;3;7
"2022";"Mars";"Genève";10169;603;252;2205
"2022";"Mars";"Jura";4;2;2;0
"2022";"Avril";"Zürich";7035;2181;389;190
"2022";"Avril";"Bern / Berne";3405;1519;125;137
"2022";"Avril";"Luzern";1868;948;35;44
"2022";"Avril";"Uri";141;14;2;2
"2022";"Avril";"Schwyz";191;23;9;7
"2022";"Avril";"Obwalden";640;21;2;6
"2022";"Avril";"Nidwalden";187;49;5;4
"2022";"Avril";"Glarus";3;3;0;0
"2022";"Avril";"Zug";330;27;2;0
"2022";"Avril";"Fribourg / Freiburg";151;9;4;0
"2022";"Avril";"Solothurn";107;13;1;0
"2022";"Avril";"Basel-Stadt";2101;214;52;22
"2022";"Avril";"Basel-Landschaft";142;4;2;0
"2022";"Avril";"Schaffhausen";68;8;2;0
"2022";"Avril";"Appenzell Ausserrhoden";9;0;0;1
"2022";"Avril";"Appenzell Innerrhoden";7;0;0;0
"2022";"Avril";"St. Gallen";361;39;6;25
"2022";"Avril";"Graubünden / Grigioni / Grischun";2248;124;51;15
"2022";"Avril";"Aargau";204;39;15;7
"2022";"Avril";"Thurgau";41;2;0;0
"2022";"Avril";"Ticino";791;182;73;18
"2022";"Avril";"Vaud";2037;403;78;65
"2022";"Avril";"Valais / Wallis";4918;532;98;23
"2022";"Avril";"Neuchâtel";136;6;10;0
"2022";"Avril";"Genève";8529;626;251;566
"2022";"Avril";"Jura";13;0;0;0
"2022";"Mai";"Zürich";9525;5845;668;749
"2022";"Mai";"Bern / Berne";4302;4433;383;3058
"2022";"Mai";"Luzern";2779;2423;66;247
"2022";"Mai";"Uri";156;19;0;0
"2022";"Mai";"Schwyz";241;21;5;29
"2022";"Mai";"Obwalden";752;374;0;19
"2022";"Mai";"Nidwalden";309;155;8;79
"2022";"Mai";"Glarus";13;0;0;4
"2022";"Mai";"Zug";480;71;13;4
"2022";"Mai";"Fribourg / Freiburg";157;24;2;9
"2022";"Mai";"Solothurn";127;13;32;1
"2022";"Mai";"Basel-Stadt";2381;358;106;38
"2022";"Mai";"Basel-Landschaft";175;69;14;2
"2022";"Mai";"Schaffhausen";97;24;10;0
"2022";"Mai";"Appenzell Ausserrhoden";6;0;4;5
"2022";"Mai";"Appenzell Innerrhoden";14;6;0;0
"2022";"Mai";"St. Gallen";758;53;24;61
"2022";"Mai";"Graubünden / Grigioni / Grischun";2172;439;109;87
"2022";"Mai";"Aargau";273;158;33;18
"2022";"Mai";"Thurgau";78;10;3;0
"2022";"Mai";"Ticino";1164;746;21;264
"2022";"Mai";"Vaud";3325;1256;157;521
"2022";"Mai";"Valais / Wallis";2501;1146;89;70
"2022";"Mai";"Neuchâtel";142;19;10;4
"2022";"Mai";"Genève";9829;1605;451;2263
"2022";"Mai";"Jura";25;2;1;0
"2022";"Juin";"Zürich";11873;7979;1095;1106
"2022";"Juin";"Bern / Berne";8987;5636;495;3285
"2022";"Juin";"Luzern";3716;2984;95;281
"2022";"Juin";"Uri";355;62;3;0
"2022";"Juin";"Schwyz";310;104;11;15
"2022";"Juin";"Obwalden";1023;983;4;59
"2022";"Juin";"Nidwalden";564;162;35;172
"2022";"Juin";"Glarus";18;0;4;5
"2022";"Juin";"Zug";421;55;14;2
"2022";"Juin";"Fribourg / Freiburg";218;6;4;11
"2022";"Juin";"Solothurn";196;22;6;0
"2022";"Juin";"Basel-Stadt";3449;379;195;101
"2022";"Juin";"Basel-Landschaft";182;32;19;2
"2022";"Juin";"Schaffhausen";134;22;5;9
"2022";"Juin";"Appenzell Ausserrhoden";37;9;1;1
"2022";"Juin";"Appenzell Innerrhoden";51;14;2;0
"2022";"Juin";"St. Gallen";610;113;28;113
"2022";"Juin";"Graubünden / Grigioni / Grischun";3757;505;116;56
"2022";"Juin";"Aargau";446;192;73;24
"2022";"Juin";"Thurgau";131;3;9;0
"2022";"Juin";"Ticino";1574;881;81;398
"2022";"Juin";"Vaud";4272;1501;338;669
"2022";"Juin";"Valais / Wallis";4234;1710;323;90
"2022";"Juin";"Neuchâtel";228;18;23;5
"2022";"Juin";"Genève";11198;1840;666;2659
"2022";"Juin";"Jura";31;2;2;0
"2022";"Juillet";"Zürich";11053;7156;1500;2845
"2022";"Juillet";"Bern / Berne";11352;4912;856;8727
"2022";"Juillet";"Luzern";4098;2965;160;1105
"2022";"Juillet";"Uri";443;38;16;58
"2022";"Juillet";"Schwyz";381;14;10;69
"2022";"Juillet";"Obwalden";1925;771;16;214
"2022";"Juillet";"Nidwalden";563;99;26;411
"2022";"Juillet";"Glarus";74;1;2;29
"2022";"Juillet";"Zug";379;38;15;20
"2022";"Juillet";"Fribourg / Freiburg";234;27;13;42
"2022";"Juillet";"Solothurn";197;13;7;16
"2022";"Juillet";"Basel-Stadt";3302;370;115;222
"2022";"Juillet";"Basel-Landschaft";201;9;12;1
"2022";"Juillet";"Schaffhausen";213;16;10;10
"2022";"Juillet";"Appenzell Ausserrhoden";50;6;1;6
"2022";"Juillet";"Appenzell Innerrhoden";81;14;34;0
"2022";"Juillet";"St. Gallen";593;88;73;378
"2022";"Juillet";"Graubünden / Grigioni / Grischun";3664;449;277;358
"2022";"Juillet";"Aargau";387;216;42;89
"2022";"Juillet";"Thurgau";131;3;16;24
"2022";"Juillet";"Ticino";2022;686;74;1137
"2022";"Juillet";"Vaud";4441;1136;294;1876
"2022";"Juillet";"Valais / Wallis";6960;1459;817;555
"2022";"Juillet";"Neuchâtel";175;12;34;16
"2022";"Juillet";"Genève";11028;1607;572;7566
"2022";"Juillet";"Jura";13;0;3;0
"2022";"Août";"Zürich";11592;5795;1400;3484
"2022";"Août";"Bern / Berne";12086;3931;1198;9942
"2022";"Août";"Luzern";4359;2957;224;1260
"2022";"Août";"Uri";493;21;15;47
"2022";"Août";"Schwyz";423;11;10;152
"2022";"Août";"Obwalden";2157;518;37;281
"2022";"Août";"Nidwalden";520;59;16;412
"2022";"Août";"Glarus";109;1;2;18
"2022";"Août";"Zug";415;39;7;22
"2022";"Août";"Fribourg / Freiburg";313;39;14;73
"2022";"Août";"Solothurn";300;32;34;11
"2022";"Août";"Basel-Stadt";3016;290;159;193
"2022";"Août";"Basel-Landschaft";206;10;6;20
"2022";"Août";"Schaffhausen";119;27;7;28
"2022";"Août";"Appenzell Ausserrhoden";22;0;7;19
"2022";"Août";"Appenzell Innerrhoden";59;16;2;0
"2022";"Août";"St. Gallen";856;96;61;408
"2022";"Août";"Graubünden / Grigioni / Grischun";4265;300;327;341
"2022";"Août";"Aargau";564;248;91;104
"2022";"Août";"Thurgau";145;2;3;8
"2022";"Août";"Ticino";2507;760;112;1150
"2022";"Août";"Vaud";4308;793;384;1754
"2022";"Août";"Valais / Wallis";6951;860;888;370
"2022";"Août";"Neuchâtel";177;10;12;25
"2022";"Août";"Genève";11018;1131;867;8392
"2022";"Août";"Jura";21;0;1;0
"2022";"Septembre";"Zürich";12162;6432;1927;1696
"2022";"Septembre";"Bern / Berne";8479;3754;926;4786
"2022";"Septembre";"Luzern";4425;2353;199;464
"2022";"Septembre";"Uri";406;22;5;4
"2022";"Septembre";"Schwyz";318;55;11;25
"2022";"Septembre";"Obwalden";856;1192;31;81
"2022";"Septembre";"Nidwalden";454;69;41;170
"2022";"Septembre";"Glarus";30;3;1;6
"2022";"Septembre";"Zug";546;51;14;12
"2022";"Septembre";"Fribourg / Freiburg";184;64;28;9
"2022";"Septembre";"Solothurn";222;48;38;7
"2022";"Septembre";"Basel-Stadt";3996;434;398;80
"2022";"Septembre";"Basel-Landschaft";179;52;14;0
"2022";"Septembre";"Schaffhausen";117;11;21;4
"2022";"Septembre";"Appenzell Ausserrhoden";18;2;4;2
"2022";"Septembre";"Appenzell Innerrhoden";26;10;0;0
"2022";"Septembre";"St. Gallen";628;119;92;153
"2022";"Septembre";"Graubünden / Grigioni / Grischun";3965;285;370;135
"2022";"Septembre";"Aargau";371;533;71;44
"2022";"Septembre";"Thurgau";119;15;24;0
"2022";"Septembre";"Ticino";1842;637;116;584
"2022";"Septembre";"Vaud";4573;893;272;807
"2022";"Septembre";"Valais / Wallis";5304;866;822;100
"2022";"Septembre";"Neuchâtel";203;14;48;11
"2022";"Septembre";"Genève";10849;1583;902;3754
"2022";"Septembre";"Jura";24;2;5;0
"2022";"Octobre";"Zürich";9453;6029;1324;931
"2022";"Octobre";"Bern / Berne";4255;3498;574;2610
"2022";"Octobre";"Luzern";2266;2459;122;320
"2022";"Octobre";"Uri";131;26;5;5
"2022";"Octobre";"Schwyz";197;47;15;15
"2022";"Octobre";"Obwalden";846;801;4;32
"2022";"Octobre";"Nidwalden";274;37;15;114
"2022";"Octobre";"Glarus";7;0;0;0
"2022";"Octobre";"Zug";411;43;13;7
"2022";"Octobre";"Fribourg / Freiburg";182;24;26;2
"2022";"Octobre";"Solothurn";186;29;31;2
"2022";"Octobre";"Basel-Stadt";2655;366;274;101
"2022";"Octobre";"Basel-Landschaft";100;35;4;0
"2022";"Octobre";"Schaffhausen";74;13;14;4
"2022";"Octobre";"Appenzell Ausserrhoden";8;1;0;0
"2022";"Octobre";"Appenzell Innerrhoden";20;12;4;0
"2022";"Octobre";"St. Gallen";345;108;30;66
"2022";"Octobre";"Graubünden / Grigioni / Grischun";1268;379;122;73
"2022";"Octobre";"Aargau";301;373;80;25
"2022";"Octobre";"Thurgau";68;21;7;4
"2022";"Octobre";"Ticino";1006;565;187;410
"2022";"Octobre";"Vaud";2695;671;257;791
"2022";"Octobre";"Valais / Wallis";1855;677;410;143
"2022";"Octobre";"Neuchâtel";166;20;21;7
"2022";"Octobre";"Genève";9368;1148;800;2483
"2022";"Octobre";"Jura";21;1;49;1
"2022";"Novembre";"Zürich";10225;4031;954;659
"2022";"Novembre";"Bern / Berne";1864;1484;296;807
"2022";"Novembre";"Luzern";1472;1196;97;188
"2022";"Novembre";"Uri";72;18;1;17
"2022";"Novembre";"Schwyz";103;6;9;6
"2022";"Novembre";"Obwalden";172;104;0;5
"2022";"Novembre";"Nidwalden";166;38;9;45
"2022";"Novembre";"Glarus";4;2;0;0
"2022";"Novembre";"Zug";517;52;6;7
"2022";"Novembre";"Fribourg / Freiburg";262;49;5;2
"2022";"Novembre";"Solothurn";133;26;14;0
"2022";"Novembre";"Basel-Stadt";3190;274;224;70
"2022";"Novembre";"Basel-Landschaft";100;5;5;1
"2022";"Novembre";"Schaffhausen";74;10;10;2
"2022";"Novembre";"Appenzell Ausserrhoden";12;3;3;0
"2022";"Novembre";"Appenzell Innerrhoden";6;0;5;0
"2022";"Novembre";"St. Gallen";375;49;33;53
"2022";"Novembre";"Graubünden / Grigioni / Grischun";390;87;60;19
"2022";"Novembre";"Aargau";374;296;39;25
"2022";"Novembre";"Thurgau";83;23;5;5
"2022";"Novembre";"Ticino";620;411;47;202
"2022";"Novembre";"Vaud";2979;546;224;369
"2022";"Novembre";"Valais / Wallis";1112;234;111;53
"2022";"Novembre";"Neuchâtel";162;18;23;9
"2022";"Novembre";"Genève";9782;945;523;1716
"2022";"Novembre";"Jura";47;1;0;0
"2022";"Décembre";"Zürich";11754;3766;1248;673
"2022";"Décembre";"Bern / Berne";5994;1943;376;619
"2022";"Décembre";"Luzern";2254;1201;83;108
"2022";"Décembre";"Uri";370;13;1;8
"2022";"Décembre";"Schwyz";116;6;0;6
"2022";"Décembre";"Obwalden";650;52;11;4
"2022";"Décembre";"Nidwalden";307;34;5;44
"2022";"Décembre";"Glarus";22;0;0;0
"2022";"Décembre";"Zug";356;12;12;1
"2022";"Décembre";"Fribourg / Freiburg";315;20;7;0
"2022";"Décembre";"Solothurn";166;3;4;0
"2022";"Décembre";"Basel-Stadt";4371;349;178;48
"2022";"Décembre";"Basel-Landschaft";108;23;6;1
"2022";"Décembre";"Schaffhausen";52;4;3;0
"2022";"Décembre";"Appenzell Ausserrhoden";19;1;0;0
"2022";"Décembre";"Appenzell Innerrhoden";11;0;0;0
"2022";"Décembre";"St. Gallen";284;55;27;16
"2022";"Décembre";"Graubünden / Grigioni / Grischun";3956;366;99;131
"2022";"Décembre";"Aargau";321;332;23;10
"2022";"Décembre";"Thurgau";32;1;1;0
"2022";"Décembre";"Ticino";617;262;31;86
"2022";"Décembre";"Vaud";3484;421;80;262
"2022";"Décembre";"Valais / Wallis";6250;588;258;331
"2022";"Décembre";"Neuchâtel";215;18;28;5
"2022";"Décembre";"Genève";14329;922;372;2016
"2022";"Décembre";"Jura";44;2;0;0
